,tool,max_number_models,max_number_folds,max_num_repetitions,stacking_levels,cv_type,allowed_folds_to_use,task,model,fold,train,val,test,overfit,seed
0,autosklearn,40,3,1,1,cv,1.0,54,best_individual_model,0,0.9931578254285276,0.8001495381805337,0.8480816634567793,0.0014880952380951218,81
1,autosklearn,40,3,1,1,cv,1.0,54,best_ensemble_model,0,0.8479387992655256,inf,0.835423435608678,0.0008036970062286208,81
2,autosklearn,40,3,1,1,cv,1.0,54,best_individual_model,1,0.9931578254285276,0.8001495381805337,0.8480816634567793,0.0,81
3,autosklearn,40,3,1,1,cv,1.0,54,best_ensemble_model,1,0.8449160600695127,inf,0.8217731442685132,0.014453988346393443,81
4,autosklearn,40,3,1,1,cv,1.0,54,best_individual_model,2,0.9931578254285276,0.8001495381805337,0.8480816634567793,0.0,81
5,autosklearn,40,3,1,1,cv,1.0,54,best_ensemble_model,2,0.8465186241720769,inf,0.8285982899385955,0.007628842676311143,81
6,autosklearn,40,3,1,1,cv,1.0,54,best_individual_model,3,0.9931578254285276,0.8001495381805337,0.8480816634567793,0.0,81
7,autosklearn,40,3,1,1,cv,1.0,54,best_ensemble_model,3,0.8465186241720769,inf,0.8217731442685132,0.014453988346393443,81
