tool,Albert,Australian,MiniBooNE,adult,cnae-9,connect-4,higgs,kr-vs-kp,segment,vehicle
autosklearnEnsembleIntensification_520_members10_repeats5_level1_strategyNone_ensemble_highest_repeat_trusted,0.6316714666666667,0.8546688666666665,0.9186414,0.7202673333333335,0.5771604666666668,0.5612023999999999,0.6119786,0.9948821333333335,0.9887445999999999,0.7909055333333334
autosklearnEnsembleIntensification_520_members10_repeats5_level2_strategyInstancesAny_ensemble_highest_repeat_trusted,0.6463283333333334,0.8010752,0.8960268,0.8192287333333332,0.4469135333333334,0.5420195333333333,0.7022044666666666,0.9290504,0.9249639333333332,0.6030482666666667
autosklearnEnsembleIntensification_520_members10_repeats5_level2_strategyInstancesSelf_ensemble_highest_repeat_trusted,0.6427428666666667,0.8498868666666668,0.8625014666666666,0.7158160666666666,0.5691357333333332,0.5662727333333334,0.6121028666666668,0.9286329333333333,0.8571428666666667,0.7280662666666667
autosklearnEnsembleIntensification_520_members5_repeats10_level2_strategyTimeSplit_ensemble_highest_repeat_trusted,0.5960603333333333,0.8539898000000001,0.8976614666666666,0.8227508666666667,0.7648148000000001,0.6081703333333334,0.4628161333333333,0.6630008,0.9870129999999998,0.8380196000000002
autosklearnHyperbandTowering_repeats5_level2_strategyinstancesself_ensemble_highest_repeat_trusted,0.6261468,0.8541879333333334,0.8649522666666667,0.7733072666666665,0.9462962,0.6255812666666666,0.6489379999999999,0.9951182666666667,0.9898989999999998,0.8469914
autosklearn_baseline,0.6581835333333335,0.8551783333333332,0.9208134666666669,0.8348108666666666,0.9506172666666668,0.6968726666666666,0.7177431999999998,0.9954991999999999,0.9907647999999998,0.8490511999999999
